filename,species
hokkigai_(surf_clam)_sashimi_hokkigai_(surf_clam)_sashimi_18.jpg,hokkigai_(surf_clam)
hokkigai_(surf_clam)_sashimi_hokkigai_(surf_clam)_sashimi_14.jpg,hokkigai_(surf_clam)
hokkigai_(surf_clam)_sashimi_hokkigai_(surf_clam)_sashimi_30.jpg,hokkigai_(surf_clam)
hokkigai_(surf_clam)_sashimi_hokkigai_(surf_clam)_sashimi_18.jpg,hokkigai_(surf_clam)
hokkigai_(surf_clam)_sashimi_hokkigai_(surf_clam)_sashimi_25.jpg,hokkigai_(surf_clam)
hokkigai_(surf_clam)_sashimi_hokkigai_(surf_clam)_sashimi_31.jpg,hokkigai_(surf_clam)
hokkigai_(surf_clam)_sashimi_hokkigai_(surf_clam)_sashimi_27.jpg,hokkigai_(surf_clam)
hokkigai_(surf_clam)_sashimi_hokkigai_(surf_clam)_sashimi_23.jpg,hokkigai_(surf_clam)
hokkigai_(surf_clam)_sashimi_hokkigai_(surf_clam)_sashimi_11.jpg,hokkigai_(surf_clam)
hokkigai_(surf_clam)_sashimi_hokkigai_(surf_clam)_sashimi_1.jpg,hokkigai_(surf_clam)
hokkigai_(surf_clam)_sashimi_hokkigai_(surf_clam)_sashimi_3.jpg,hokkigai_(surf_clam)
hokkigai_(surf_clam)_sashimi_hokkigai_(surf_clam)_sashimi_12.jpg,hokkigai_(surf_clam)
hokkigai_(surf_clam)_sashimi_hokkigai_(surf_clam)_sashimi_7.jpg,hokkigai_(surf_clam)
hokkigai_(surf_clam)_sashimi_hokkigai_(surf_clam)_sashimi_5.jpg,hokkigai_(surf_clam)
hokkigai_(surf_clam)_sashimi_hokkigai_(surf_clam)_sashimi_14.jpg,hokkigai_(surf_clam)
hokkigai_(surf_clam)_sashimi_hokkigai_(surf_clam)_sashimi_4.jpg,hokkigai_(surf_clam)
hokkigai_(surf_clam)_sashimi_hokkigai_(surf_clam)_sashimi_29.jpg,hokkigai_(surf_clam)
maguro_(tuna)_chutoro_sashimi_maguro_(tuna)_chutoro_sashimi_42.jpg,maguro_(tuna)_chutoro
maguro_(tuna)_chutoro_sashimi_maguro_(tuna)_chutoro_sashimi_47.jpg,maguro_(tuna)_chutoro
maguro_(tuna)_chutoro_sashimi_maguro_(tuna)_chutoro_sashimi_51.jpg,maguro_(tuna)_chutoro
maguro_(tuna)_chutoro_sashimi_maguro_(tuna)_chutoro_sashimi_44.jpg,maguro_(tuna)_chutoro
maguro_(tuna)_chutoro_sashimi_maguro_(tuna)_chutoro_sashimi_37.jpg,maguro_(tuna)_chutoro
maguro_(tuna)_chutoro_sashimi_maguro_(tuna)_chutoro_sashimi_20.jpg,maguro_(tuna)_chutoro
maguro_(tuna)_chutoro_sashimi_maguro_(tuna)_chutoro_sashimi_21.jpg,maguro_(tuna)_chutoro
maguro_(tuna)_chutoro_sashimi_maguro_(tuna)_chutoro_sashimi_32.jpg,maguro_(tuna)_chutoro
maguro_(tuna)_chutoro_sashimi_maguro_(tuna)_chutoro_sashimi_10.jpg,maguro_(tuna)_chutoro
maguro_(tuna)_chutoro_sashimi_maguro_(tuna)_chutoro_sashimi_6.jpg,maguro_(tuna)_chutoro
suzuki_(sea_bass)_sashimi_suzuki_(sea_bass)_sashimi_16.jpg,suzuki_(sea_bass)
suzuki_(sea_bass)_sashimi_suzuki_(sea_bass)_sashimi_26.jpg,suzuki_(sea_bass)
suzuki_(sea_bass)_sashimi_suzuki_(sea_bass)_sashimi_32.jpg,suzuki_(sea_bass)
suzuki_(sea_bass)_sashimi_suzuki_(sea_bass)_sashimi_5.jpg,suzuki_(sea_bass)
suzuki_(sea_bass)_sashimi_suzuki_(sea_bass)_sashimi_33.jpg,suzuki_(sea_bass)
suzuki_(sea_bass)_sashimi_suzuki_(sea_bass)_sashimi_1.jpg,suzuki_(sea_bass)
suzuki_(sea_bass)_sashimi_suzuki_(sea_bass)_sashimi_19.jpg,suzuki_(sea_bass)
suzuki_(sea_bass)_sashimi_suzuki_(sea_bass)_sashimi_3.jpg,suzuki_(sea_bass)
suzuki_(sea_bass)_sashimi_suzuki_(sea_bass)_sashimi_25.jpg,suzuki_(sea_bass)
suzuki_(sea_bass)_sashimi_suzuki_(sea_bass)_sashimi_9.jpg,suzuki_(sea_bass)
suzuki_(sea_bass)_sashimi_suzuki_(sea_bass)_sashimi_24.jpg,suzuki_(sea_bass)
suzuki_(sea_bass)_sashimi_suzuki_(sea_bass)_sashimi_30.jpg,suzuki_(sea_bass)
suzuki_(sea_bass)_sashimi_suzuki_(sea_bass)_sashimi_21.jpg,suzuki_(sea_bass)
suzuki_(sea_bass)_sashimi_suzuki_(sea_bass)_sashimi_23.jpg,suzuki_(sea_bass)
suzuki_(sea_bass)_sashimi_suzuki_(sea_bass)_sashimi_22.jpg,suzuki_(sea_bass)
suzuki_(sea_bass)_sashimi_suzuki_(sea_bass)_sashimi_13.jpg,suzuki_(sea_bass)
suzuki_(sea_bass)_sashimi_suzuki_(sea_bass)_sashimi_29.jpg,suzuki_(sea_bass)
suzuki_(sea_bass)_sashimi_suzuki_(sea_bass)_sashimi_28.jpg,suzuki_(sea_bass)
suzuki_(sea_bass)_sashimi_suzuki_(sea_bass)_sashimi_14.jpg,suzuki_(sea_bass)
suzuki_(sea_bass)_sashimi_suzuki_(sea_bass)_sashimi_16.jpg,suzuki_(sea_bass)
suzuki_(sea_bass)_sashimi_suzuki_(sea_bass)_sashimi_6.jpg,suzuki_(sea_bass)
suzuki_(sea_bass)_sashimi_suzuki_(sea_bass)_sashimi_17.jpg,suzuki_(sea_bass)
buri_or_hamachi_(japanese_amberjack_or_yellowtail)_sashimi_buri_or_hamachi_(japanese_amberjack_or_yellowtail)_sashimi_51.jpg,buri_or_hamachi_(japanese_amberjack_or_yellowtail)
buri_or_hamachi_(japanese_amberjack_or_yellowtail)_sashimi_buri_or_hamachi_(japanese_amberjack_or_yellowtail)_sashimi_9.jpg,buri_or_hamachi_(japanese_amberjack_or_yellowtail)
buri_or_hamachi_(japanese_amberjack_or_yellowtail)_sashimi_buri_or_hamachi_(japanese_amberjack_or_yellowtail)_sashimi_41.jpg,buri_or_hamachi_(japanese_amberjack_or_yellowtail)
buri_or_hamachi_(japanese_amberjack_or_yellowtail)_sashimi_buri_or_hamachi_(japanese_amberjack_or_yellowtail)_sashimi_18.jpg,buri_or_hamachi_(japanese_amberjack_or_yellowtail)
buri_or_hamachi_(japanese_amberjack_or_yellowtail)_sashimi_buri_or_hamachi_(japanese_amberjack_or_yellowtail)_sashimi_20.jpg,buri_or_hamachi_(japanese_amberjack_or_yellowtail)
buri_or_hamachi_(japanese_amberjack_or_yellowtail)_sashimi_buri_or_hamachi_(japanese_amberjack_or_yellowtail)_sashimi_19.jpg,buri_or_hamachi_(japanese_amberjack_or_yellowtail)
buri_or_hamachi_(japanese_amberjack_or_yellowtail)_sashimi_buri_or_hamachi_(japanese_amberjack_or_yellowtail)_sashimi_21.jpg,buri_or_hamachi_(japanese_amberjack_or_yellowtail)
buri_or_hamachi_(japanese_amberjack_or_yellowtail)_sashimi_buri_or_hamachi_(japanese_amberjack_or_yellowtail)_sashimi_4.jpg,buri_or_hamachi_(japanese_amberjack_or_yellowtail)
buri_or_hamachi_(japanese_amberjack_or_yellowtail)_sashimi_buri_or_hamachi_(japanese_amberjack_or_yellowtail)_sashimi_22.jpg,buri_or_hamachi_(japanese_amberjack_or_yellowtail)
buri_or_hamachi_(japanese_amberjack_or_yellowtail)_sashimi_buri_or_hamachi_(japanese_amberjack_or_yellowtail)_sashimi_39.jpg,buri_or_hamachi_(japanese_amberjack_or_yellowtail)
buri_or_hamachi_(japanese_amberjack_or_yellowtail)_sashimi_buri_or_hamachi_(japanese_amberjack_or_yellowtail)_sashimi_29.jpg,buri_or_hamachi_(japanese_amberjack_or_yellowtail)
akagai_(red_clam)_sashimi_akagai_(red_clam)_sashimi_16.jpg,akagai_(red_clam)
akagai_(red_clam)_sashimi_akagai_(red_clam)_sashimi_3.jpg,akagai_(red_clam)
akagai_(red_clam)_sashimi_akagai_(red_clam)_sashimi_15.jpg,akagai_(red_clam)
akagai_(red_clam)_sashimi_akagai_(red_clam)_sashimi_29.jpg,akagai_(red_clam)
akagai_(red_clam)_sashimi_akagai_(red_clam)_sashimi_4.jpg,akagai_(red_clam)
akagai_(red_clam)_sashimi_akagai_(red_clam)_sashimi_13.jpg,akagai_(red_clam)
akagai_(red_clam)_sashimi_akagai_(red_clam)_sashimi_1.jpg,akagai_(red_clam)
akagai_(red_clam)_sashimi_akagai_(red_clam)_sashimi_23.jpg,akagai_(red_clam)
akagai_(red_clam)_sashimi_akagai_(red_clam)_sashimi_9.jpg,akagai_(red_clam)
akagai_(red_clam)_sashimi_akagai_(red_clam)_sashimi_30.jpg,akagai_(red_clam)
tsubagai_(whelk)_sashimi_tsubagai_(whelk)_sashimi_9.jpg,tsubagai_(whelk)
tsubagai_(whelk)_sashimi_tsubagai_(whelk)_sashimi_17.jpg,tsubagai_(whelk)
tsubagai_(whelk)_sashimi_tsubagai_(whelk)_sashimi_11.jpg,tsubagai_(whelk)
tsubagai_(whelk)_sashimi_tsubagai_(whelk)_sashimi_3.jpg,tsubagai_(whelk)
tsubagai_(whelk)_sashimi_tsubagai_(whelk)_sashimi_2.jpg,tsubagai_(whelk)
tsubagai_(whelk)_sashimi_tsubagai_(whelk)_sashimi_1.jpg,tsubagai_(whelk)
tsubagai_(whelk)_sashimi_tsubagai_(whelk)_sashimi_5.jpg,tsubagai_(whelk)
tsubagai_(whelk)_sashimi_tsubagai_(whelk)_sashimi_7.jpg,tsubagai_(whelk)
karei_(marbled_japanese_flatfish)_sashimi_karei_(marbled_japanese_flatfish)_sashimi_16.jpg,karei_(marbled_japanese_flatfish)
karei_(marbled_japanese_flatfish)_sashimi_karei_(marbled_japanese_flatfish)_sashimi_12.jpg,karei_(marbled_japanese_flatfish)
karei_(marbled_japanese_flatfish)_sashimi_karei_(marbled_japanese_flatfish)_sashimi_1.jpg,karei_(marbled_japanese_flatfish)
karei_(marbled_japanese_flatfish)_sashimi_karei_(marbled_japanese_flatfish)_sashimi_11.jpg,karei_(marbled_japanese_flatfish)
karei_(marbled_japanese_flatfish)_sashimi_karei_(marbled_japanese_flatfish)_sashimi_15.jpg,karei_(marbled_japanese_flatfish)
karei_(marbled_japanese_flatfish)_sashimi_karei_(marbled_japanese_flatfish)_sashimi_17.jpg,karei_(marbled_japanese_flatfish)
karei_(marbled_japanese_flatfish)_sashimi_karei_(marbled_japanese_flatfish)_sashimi_27.jpg,karei_(marbled_japanese_flatfish)
karei_(marbled_japanese_flatfish)_sashimi_karei_(marbled_japanese_flatfish)_sashimi_8.jpg,karei_(marbled_japanese_flatfish)
karei_(marbled_japanese_flatfish)_sashimi_karei_(marbled_japanese_flatfish)_sashimi_19.jpg,karei_(marbled_japanese_flatfish)
karei_(marbled_japanese_flatfish)_sashimi_karei_(marbled_japanese_flatfish)_sashimi_25.jpg,karei_(marbled_japanese_flatfish)
karei_(marbled_japanese_flatfish)_sashimi_karei_(marbled_japanese_flatfish)_sashimi_24.jpg,karei_(marbled_japanese_flatfish)
karei_(marbled_japanese_flatfish)_sashimi_karei_(marbled_japanese_flatfish)_sashimi_30.jpg,karei_(marbled_japanese_flatfish)
karei_(marbled_japanese_flatfish)_sashimi_karei_(marbled_japanese_flatfish)_sashimi_18.jpg,karei_(marbled_japanese_flatfish)
karei_(marbled_japanese_flatfish)_sashimi_karei_(marbled_japanese_flatfish)_sashimi_20.jpg,karei_(marbled_japanese_flatfish)
karei_(marbled_japanese_flatfish)_sashimi_karei_(marbled_japanese_flatfish)_sashimi_22.jpg,karei_(marbled_japanese_flatfish)
karei_(marbled_japanese_flatfish)_sashimi_karei_(marbled_japanese_flatfish)_sashimi_3.jpg,karei_(marbled_japanese_flatfish)
kanpachi_(greater_amberjack)_sashimi_kanpachi_(greater_amberjack)_sashimi_36.jpg,kanpachi_(greater_amberjack)
kanpachi_(greater_amberjack)_sashimi_kanpachi_(greater_amberjack)_sashimi_23.jpg,kanpachi_(greater_amberjack)
kanpachi_(greater_amberjack)_sashimi_kanpachi_(greater_amberjack)_sashimi_37.jpg,kanpachi_(greater_amberjack)
kanpachi_(greater_amberjack)_sashimi_kanpachi_(greater_amberjack)_sashimi_20.jpg,kanpachi_(greater_amberjack)
kanpachi_(greater_amberjack)_sashimi_kanpachi_(greater_amberjack)_sashimi_34.jpg,kanpachi_(greater_amberjack)
kanpachi_(greater_amberjack)_sashimi_kanpachi_(greater_amberjack)_sashimi_25.jpg,kanpachi_(greater_amberjack)
kanpachi_(greater_amberjack)_sashimi_kanpachi_(greater_amberjack)_sashimi_27.jpg,kanpachi_(greater_amberjack)
kanpachi_(greater_amberjack)_sashimi_kanpachi_(greater_amberjack)_sashimi_55.jpg,kanpachi_(greater_amberjack)
kanpachi_(greater_amberjack)_sashimi_kanpachi_(greater_amberjack)_sashimi_54.jpg,kanpachi_(greater_amberjack)
kanpachi_(greater_amberjack)_sashimi_kanpachi_(greater_amberjack)_sashimi_43.jpg,kanpachi_(greater_amberjack)
kanpachi_(greater_amberjack)_sashimi_kanpachi_(greater_amberjack)_sashimi_53.jpg,kanpachi_(greater_amberjack)
kanpachi_(greater_amberjack)_sashimi_kanpachi_(greater_amberjack)_sashimi_52.jpg,kanpachi_(greater_amberjack)
kanpachi_(greater_amberjack)_sashimi_kanpachi_(greater_amberjack)_sashimi_50.jpg,kanpachi_(greater_amberjack)
kanpachi_(greater_amberjack)_sashimi_kanpachi_(greater_amberjack)_sashimi_9.jpg,kanpachi_(greater_amberjack)
kanpachi_(greater_amberjack)_sashimi_kanpachi_(greater_amberjack)_sashimi_61.jpg,kanpachi_(greater_amberjack)
kanpachi_(greater_amberjack)_sashimi_kanpachi_(greater_amberjack)_sashimi_24.jpg,kanpachi_(greater_amberjack)
kanpachi_(greater_amberjack)_sashimi_kanpachi_(greater_amberjack)_sashimi_62.jpg,kanpachi_(greater_amberjack)
kanpachi_(greater_amberjack)_sashimi_kanpachi_(greater_amberjack)_sashimi_59.jpg,kanpachi_(greater_amberjack)
kanpachi_(greater_amberjack)_sashimi_kanpachi_(greater_amberjack)_sashimi_17.jpg,kanpachi_(greater_amberjack)
kanpachi_(greater_amberjack)_sashimi_kanpachi_(greater_amberjack)_sashimi_14.jpg,kanpachi_(greater_amberjack)
kanpachi_(greater_amberjack)_sashimi_kanpachi_(greater_amberjack)_sashimi_39.jpg,kanpachi_(greater_amberjack)
kanpachi_(greater_amberjack)_sashimi_kanpachi_(greater_amberjack)_sashimi_38.jpg,kanpachi_(greater_amberjack)
kanpachi_(greater_amberjack)_sashimi_kanpachi_(greater_amberjack)_sashimi_10.jpg,kanpachi_(greater_amberjack)
kanpachi_(greater_amberjack)_sashimi_kanpachi_(greater_amberjack)_sashimi_7.jpg,kanpachi_(greater_amberjack)
hiramasa_(yellowtail_amberjack)_sashimi_hiramasa_(yellowtail_amberjack)_sashimi_27.jpg,hiramasa_(yellowtail_amberjack)
hiramasa_(yellowtail_amberjack)_sashimi_hiramasa_(yellowtail_amberjack)_sashimi_32.jpg,hiramasa_(yellowtail_amberjack)
hiramasa_(yellowtail_amberjack)_sashimi_hiramasa_(yellowtail_amberjack)_sashimi_26.jpg,hiramasa_(yellowtail_amberjack)
hiramasa_(yellowtail_amberjack)_sashimi_hiramasa_(yellowtail_amberjack)_sashimi_30.jpg,hiramasa_(yellowtail_amberjack)
hiramasa_(yellowtail_amberjack)_sashimi_hiramasa_(yellowtail_amberjack)_sashimi_31.jpg,hiramasa_(yellowtail_amberjack)
hiramasa_(yellowtail_amberjack)_sashimi_hiramasa_(yellowtail_amberjack)_sashimi_19.jpg,hiramasa_(yellowtail_amberjack)
hiramasa_(yellowtail_amberjack)_sashimi_hiramasa_(yellowtail_amberjack)_sashimi_25.jpg,hiramasa_(yellowtail_amberjack)
hiramasa_(yellowtail_amberjack)_sashimi_hiramasa_(yellowtail_amberjack)_sashimi_21.jpg,hiramasa_(yellowtail_amberjack)
hiramasa_(yellowtail_amberjack)_sashimi_hiramasa_(yellowtail_amberjack)_sashimi_34.jpg,hiramasa_(yellowtail_amberjack)
hiramasa_(yellowtail_amberjack)_sashimi_hiramasa_(yellowtail_amberjack)_sashimi_4.jpg,hiramasa_(yellowtail_amberjack)
hiramasa_(yellowtail_amberjack)_sashimi_hiramasa_(yellowtail_amberjack)_sashimi_36.jpg,hiramasa_(yellowtail_amberjack)
hiramasa_(yellowtail_amberjack)_sashimi_hiramasa_(yellowtail_amberjack)_sashimi_16.jpg,hiramasa_(yellowtail_amberjack)
hiramasa_(yellowtail_amberjack)_sashimi_hiramasa_(yellowtail_amberjack)_sashimi_37.jpg,hiramasa_(yellowtail_amberjack)
hiramasa_(yellowtail_amberjack)_sashimi_hiramasa_(yellowtail_amberjack)_sashimi_50.jpg,hiramasa_(yellowtail_amberjack)
hiramasa_(yellowtail_amberjack)_sashimi_hiramasa_(yellowtail_amberjack)_sashimi_5.jpg,hiramasa_(yellowtail_amberjack)
hiramasa_(yellowtail_amberjack)_sashimi_hiramasa_(yellowtail_amberjack)_sashimi_52.jpg,hiramasa_(yellowtail_amberjack)
hiramasa_(yellowtail_amberjack)_sashimi_hiramasa_(yellowtail_amberjack)_sashimi_56.jpg,hiramasa_(yellowtail_amberjack)
hiramasa_(yellowtail_amberjack)_sashimi_hiramasa_(yellowtail_amberjack)_sashimi_42.jpg,hiramasa_(yellowtail_amberjack)
hiramasa_(yellowtail_amberjack)_sashimi_hiramasa_(yellowtail_amberjack)_sashimi_57.jpg,hiramasa_(yellowtail_amberjack)
hiramasa_(yellowtail_amberjack)_sashimi_hiramasa_(yellowtail_amberjack)_sashimi_55.jpg,hiramasa_(yellowtail_amberjack)
hiramasa_(yellowtail_amberjack)_sashimi_hiramasa_(yellowtail_amberjack)_sashimi_2.jpg,hiramasa_(yellowtail_amberjack)
hiramasa_(yellowtail_amberjack)_sashimi_hiramasa_(yellowtail_amberjack)_sashimi_54.jpg,hiramasa_(yellowtail_amberjack)
hiramasa_(yellowtail_amberjack)_sashimi_hiramasa_(yellowtail_amberjack)_sashimi_60.jpg,hiramasa_(yellowtail_amberjack)
hiramasa_(yellowtail_amberjack)_sashimi_hiramasa_(yellowtail_amberjack)_sashimi_49.jpg,hiramasa_(yellowtail_amberjack)
hiramasa_(yellowtail_amberjack)_sashimi_hiramasa_(yellowtail_amberjack)_sashimi_11.jpg,hiramasa_(yellowtail_amberjack)
hiramasa_(yellowtail_amberjack)_sashimi_hiramasa_(yellowtail_amberjack)_sashimi_39.jpg,hiramasa_(yellowtail_amberjack)
hiramasa_(yellowtail_amberjack)_sashimi_hiramasa_(yellowtail_amberjack)_sashimi_38.jpg,hiramasa_(yellowtail_amberjack)
hiramasa_(yellowtail_amberjack)_sashimi_hiramasa_(yellowtail_amberjack)_sashimi_28.jpg,hiramasa_(yellowtail_amberjack)
hiramasa_(yellowtail_amberjack)_sashimi_hiramasa_(yellowtail_amberjack)_sashimi_28.jpg,hiramasa_(yellowtail_amberjack)
hiramasa_(yellowtail_amberjack)_sashimi_hiramasa_(yellowtail_amberjack)_sashimi_15.jpg,hiramasa_(yellowtail_amberjack)
hiramasa_(yellowtail_amberjack)_sashimi_hiramasa_(yellowtail_amberjack)_sashimi_29.jpg,hiramasa_(yellowtail_amberjack)
hiramasa_(yellowtail_amberjack)_sashimi_hiramasa_(yellowtail_amberjack)_sashimi_17.jpg,hiramasa_(yellowtail_amberjack)
hiramasa_(yellowtail_amberjack)_sashimi_hiramasa_(yellowtail_amberjack)_sashimi_14.jpg,hiramasa_(yellowtail_amberjack)
hotate_(scallop)_sashimi_hotate_(scallop)_sashimi_29.jpg,hotate_(scallop)
hotate_(scallop)_sashimi_hotate_(scallop)_sashimi_28.jpg,hotate_(scallop)
hotate_(scallop)_sashimi_hotate_(scallop)_sashimi_3.jpg,hotate_(scallop)
hotate_(scallop)_sashimi_hotate_(scallop)_sashimi_1.jpg,hotate_(scallop)
hotate_(scallop)_sashimi_hotate_(scallop)_sashimi_16.jpg,hotate_(scallop)
hotate_(scallop)_sashimi_hotate_(scallop)_sashimi_17.jpg,hotate_(scallop)
hotate_(scallop)_sashimi_hotate_(scallop)_sashimi_4.jpg,hotate_(scallop)
hotate_(scallop)_sashimi_hotate_(scallop)_sashimi_12.jpg,hotate_(scallop)
hotate_(scallop)_sashimi_hotate_(scallop)_sashimi_5.jpg,hotate_(scallop)
hotate_(scallop)_sashimi_hotate_(scallop)_sashimi_38.jpg,hotate_(scallop)
hotate_(scallop)_sashimi_hotate_(scallop)_sashimi_7.jpg,hotate_(scallop)
hotate_(scallop)_sashimi_hotate_(scallop)_sashimi_34.jpg,hotate_(scallop)
hotate_(scallop)_sashimi_hotate_(scallop)_sashimi_35.jpg,hotate_(scallop)
hotate_(scallop)_sashimi_hotate_(scallop)_sashimi_37.jpg,hotate_(scallop)
hotate_(scallop)_sashimi_hotate_(scallop)_sashimi_23.jpg,hotate_(scallop)
hotate_(scallop)_sashimi_hotate_(scallop)_sashimi_8.jpg,hotate_(scallop)
hotate_(scallop)_sashimi_hotate_(scallop)_sashimi_22.jpg,hotate_(scallop)
hotate_(scallop)_sashimi_hotate_(scallop)_sashimi_36.jpg,hotate_(scallop)
hotate_(scallop)_sashimi_hotate_(scallop)_sashimi_9.jpg,hotate_(scallop)
hotate_(scallop)_sashimi_hotate_(scallop)_sashimi_32.jpg,hotate_(scallop)
hotate_(scallop)_sashimi_hotate_(scallop)_sashimi_27.jpg,hotate_(scallop)
hotate_(scallop)_sashimi_hotate_(scallop)_sashimi_33.jpg,hotate_(scallop)
hotate_(scallop)_sashimi_hotate_(scallop)_sashimi_25.jpg,hotate_(scallop)
hotate_(scallop)_sashimi_hotate_(scallop)_sashimi_19.jpg,hotate_(scallop)
hotate_(scallop)_sashimi_hotate_(scallop)_sashimi_31.jpg,hotate_(scallop)
hotate_(scallop)_sashimi_hotate_(scallop)_sashimi_30.jpg,hotate_(scallop)
hotate_(scallop)_sashimi_hotate_(scallop)_sashimi_24.jpg,hotate_(scallop)
hotate_(scallop)_sashimi_hotate_(scallop)_sashimi_43.jpg,hotate_(scallop)
hotate_(scallop)_sashimi_hotate_(scallop)_sashimi_40.jpg,hotate_(scallop)
hotate_(scallop)_sashimi_hotate_(scallop)_sashimi_45.jpg,hotate_(scallop)
hotate_(scallop)_sashimi_hotate_(scallop)_sashimi_44.jpg,hotate_(scallop)
hirame_(bastard_halibut_or_japanese_flounder)_sashimi_hirame_(bastard_halibut_or_japanese_flounder)_sashimi_6.jpg,hirame_(bastard_halibut_or_japanese_flounder)
hirame_(bastard_halibut_or_japanese_flounder)_sashimi_hirame_(bastard_halibut_or_japanese_flounder)_sashimi_42.jpg,hirame_(bastard_halibut_or_japanese_flounder)
hirame_(bastard_halibut_or_japanese_flounder)_sashimi_hirame_(bastard_halibut_or_japanese_flounder)_sashimi_7.jpg,hirame_(bastard_halibut_or_japanese_flounder)
hirame_(bastard_halibut_or_japanese_flounder)_sashimi_hirame_(bastard_halibut_or_japanese_flounder)_sashimi_14.jpg,hirame_(bastard_halibut_or_japanese_flounder)
hirame_(bastard_halibut_or_japanese_flounder)_sashimi_hirame_(bastard_halibut_or_japanese_flounder)_sashimi_29.jpg,hirame_(bastard_halibut_or_japanese_flounder)
hirame_(bastard_halibut_or_japanese_flounder)_sashimi_hirame_(bastard_halibut_or_japanese_flounder)_sashimi_39.jpg,hirame_(bastard_halibut_or_japanese_flounder)
hirame_(bastard_halibut_or_japanese_flounder)_sashimi_hirame_(bastard_halibut_or_japanese_flounder)_sashimi_3.jpg,hirame_(bastard_halibut_or_japanese_flounder)
hirame_(bastard_halibut_or_japanese_flounder)_sashimi_hirame_(bastard_halibut_or_japanese_flounder)_sashimi_1.jpg,hirame_(bastard_halibut_or_japanese_flounder)
hirame_(bastard_halibut_or_japanese_flounder)_sashimi_hirame_(bastard_halibut_or_japanese_flounder)_sashimi_49.jpg,hirame_(bastard_halibut_or_japanese_flounder)
hirame_(bastard_halibut_or_japanese_flounder)_sashimi_hirame_(bastard_halibut_or_japanese_flounder)_sashimi_28.jpg,hirame_(bastard_halibut_or_japanese_flounder)
hirame_(bastard_halibut_or_japanese_flounder)_sashimi_hirame_(bastard_halibut_or_japanese_flounder)_sashimi_41.jpg,hirame_(bastard_halibut_or_japanese_flounder)
hirame_(bastard_halibut_or_japanese_flounder)_sashimi_hirame_(bastard_halibut_or_japanese_flounder)_sashimi_40.jpg,hirame_(bastard_halibut_or_japanese_flounder)
hirame_(bastard_halibut_or_japanese_flounder)_sashimi_hirame_(bastard_halibut_or_japanese_flounder)_sashimi_54.jpg,hirame_(bastard_halibut_or_japanese_flounder)
hirame_(bastard_halibut_or_japanese_flounder)_sashimi_hirame_(bastard_halibut_or_japanese_flounder)_sashimi_50.jpg,hirame_(bastard_halibut_or_japanese_flounder)
hirame_(bastard_halibut_or_japanese_flounder)_sashimi_hirame_(bastard_halibut_or_japanese_flounder)_sashimi_42.jpg,hirame_(bastard_halibut_or_japanese_flounder)
hirame_(bastard_halibut_or_japanese_flounder)_sashimi_hirame_(bastard_halibut_or_japanese_flounder)_sashimi_2.jpg,hirame_(bastard_halibut_or_japanese_flounder)
hirame_(bastard_halibut_or_japanese_flounder)_sashimi_hirame_(bastard_halibut_or_japanese_flounder)_sashimi_43.jpg,hirame_(bastard_halibut_or_japanese_flounder)
hirame_(bastard_halibut_or_japanese_flounder)_sashimi_hirame_(bastard_halibut_or_japanese_flounder)_sashimi_47.jpg,hirame_(bastard_halibut_or_japanese_flounder)
hirame_(bastard_halibut_or_japanese_flounder)_sashimi_hirame_(bastard_halibut_or_japanese_flounder)_sashimi_53.jpg,hirame_(bastard_halibut_or_japanese_flounder)
hirame_(bastard_halibut_or_japanese_flounder)_sashimi_hirame_(bastard_halibut_or_japanese_flounder)_sashimi_52.jpg,hirame_(bastard_halibut_or_japanese_flounder)
hirame_(bastard_halibut_or_japanese_flounder)_sashimi_hirame_(bastard_halibut_or_japanese_flounder)_sashimi_44.jpg,hirame_(bastard_halibut_or_japanese_flounder)
hirame_(bastard_halibut_or_japanese_flounder)_sashimi_hirame_(bastard_halibut_or_japanese_flounder)_sashimi_45.jpg,hirame_(bastard_halibut_or_japanese_flounder)
hirame_(bastard_halibut_or_japanese_flounder)_sashimi_hirame_(bastard_halibut_or_japanese_flounder)_sashimi_51.jpg,hirame_(bastard_halibut_or_japanese_flounder)
hirame_(bastard_halibut_or_japanese_flounder)_sashimi_hirame_(bastard_halibut_or_japanese_flounder)_sashimi_36.jpg,hirame_(bastard_halibut_or_japanese_flounder)
hirame_(bastard_halibut_or_japanese_flounder)_sashimi_hirame_(bastard_halibut_or_japanese_flounder)_sashimi_4.jpg,hirame_(bastard_halibut_or_japanese_flounder)
hirame_(bastard_halibut_or_japanese_flounder)_sashimi_hirame_(bastard_halibut_or_japanese_flounder)_sashimi_37.jpg,hirame_(bastard_halibut_or_japanese_flounder)
hirame_(bastard_halibut_or_japanese_flounder)_sashimi_hirame_(bastard_halibut_or_japanese_flounder)_sashimi_21.jpg,hirame_(bastard_halibut_or_japanese_flounder)
hirame_(bastard_halibut_or_japanese_flounder)_sashimi_hirame_(bastard_halibut_or_japanese_flounder)_sashimi_24.jpg,hirame_(bastard_halibut_or_japanese_flounder)
hirame_(bastard_halibut_or_japanese_flounder)_sashimi_hirame_(bastard_halibut_or_japanese_flounder)_sashimi_30.jpg,hirame_(bastard_halibut_or_japanese_flounder)
hirame_(bastard_halibut_or_japanese_flounder)_sashimi_hirame_(bastard_halibut_or_japanese_flounder)_sashimi_31.jpg,hirame_(bastard_halibut_or_japanese_flounder)
hirame_(bastard_halibut_or_japanese_flounder)_sashimi_hirame_(bastard_halibut_or_japanese_flounder)_sashimi_27.jpg,hirame_(bastard_halibut_or_japanese_flounder)
hirame_(bastard_halibut_or_japanese_flounder)_sashimi_hirame_(bastard_halibut_or_japanese_flounder)_sashimi_32.jpg,hirame_(bastard_halibut_or_japanese_flounder)
tai_himedai_(rosy_seabass)_sashimi_tai_himedai_(rosy_seabass)_sashimi_28.jpg,tai_himedai_(rosy_seabass)
tai_himedai_(rosy_seabass)_sashimi_tai_himedai_(rosy_seabass)_sashimi_15.jpg,tai_himedai_(rosy_seabass)
tai_himedai_(rosy_seabass)_sashimi_tai_himedai_(rosy_seabass)_sashimi_29.jpg,tai_himedai_(rosy_seabass)
tai_himedai_(rosy_seabass)_sashimi_tai_himedai_(rosy_seabass)_sashimi_17.jpg,tai_himedai_(rosy_seabass)
tai_himedai_(rosy_seabass)_sashimi_tai_himedai_(rosy_seabass)_sashimi_16.jpg,tai_himedai_(rosy_seabass)
tai_himedai_(rosy_seabass)_sashimi_tai_himedai_(rosy_seabass)_sashimi_9.jpg,tai_himedai_(rosy_seabass)
tai_himedai_(rosy_seabass)_sashimi_tai_himedai_(rosy_seabass)_sashimi_13.jpg,tai_himedai_(rosy_seabass)
tai_himedai_(rosy_seabass)_sashimi_tai_himedai_(rosy_seabass)_sashimi_11.jpg,tai_himedai_(rosy_seabass)
tai_himedai_(rosy_seabass)_sashimi_tai_himedai_(rosy_seabass)_sashimi_6.jpg,tai_himedai_(rosy_seabass)
tai_himedai_(rosy_seabass)_sashimi_tai_himedai_(rosy_seabass)_sashimi_21.jpg,tai_himedai_(rosy_seabass)
tai_himedai_(rosy_seabass)_sashimi_tai_himedai_(rosy_seabass)_sashimi_7.jpg,tai_himedai_(rosy_seabass)
tai_himedai_(rosy_seabass)_sashimi_tai_himedai_(rosy_seabass)_sashimi_5.jpg,tai_himedai_(rosy_seabass)
tai_himedai_(rosy_seabass)_sashimi_tai_himedai_(rosy_seabass)_sashimi_22.jpg,tai_himedai_(rosy_seabass)
tai_himedai_(rosy_seabass)_sashimi_tai_himedai_(rosy_seabass)_sashimi_27.jpg,tai_himedai_(rosy_seabass)
tai_himedai_(rosy_seabass)_sashimi_tai_himedai_(rosy_seabass)_sashimi_1.jpg,tai_himedai_(rosy_seabass)
tai_himedai_(rosy_seabass)_sashimi_tai_himedai_(rosy_seabass)_sashimi_26.jpg,tai_himedai_(rosy_seabass)
tai_himedai_(rosy_seabass)_sashimi_tai_himedai_(rosy_seabass)_sashimi_24.jpg,tai_himedai_(rosy_seabass)
tai_himedai_(rosy_seabass)_sashimi_tai_himedai_(rosy_seabass)_sashimi_3.jpg,tai_himedai_(rosy_seabass)
tai_himedai_(rosy_seabass)_sashimi_tai_himedai_(rosy_seabass)_sashimi_25.jpg,tai_himedai_(rosy_seabass)
tai_himedai_(rosy_seabass)_sashimi_tai_himedai_(rosy_seabass)_sashimi_2.jpg,tai_himedai_(rosy_seabass)
katsuo_(skipjack_tuna)_sashimi_katsuo_(skipjack_tuna)_sashimi_16.jpg,katsuo_(skipjack_tuna)
katsuo_(skipjack_tuna)_sashimi_katsuo_(skipjack_tuna)_sashimi_27.jpg,katsuo_(skipjack_tuna)
katsuo_(skipjack_tuna)_sashimi_katsuo_(skipjack_tuna)_sashimi_1.jpg,katsuo_(skipjack_tuna)
katsuo_(skipjack_tuna)_sashimi_katsuo_(skipjack_tuna)_sashimi_15.jpg,katsuo_(skipjack_tuna)
katsuo_(skipjack_tuna)_sashimi_katsuo_(skipjack_tuna)_sashimi_29.jpg,katsuo_(skipjack_tuna)
katsuo_(skipjack_tuna)_sashimi_katsuo_(skipjack_tuna)_sashimi_10.jpg,katsuo_(skipjack_tuna)
katsuo_(skipjack_tuna)_sashimi_katsuo_(skipjack_tuna)_sashimi_6.jpg,katsuo_(skipjack_tuna)
katsuo_(skipjack_tuna)_sashimi_katsuo_(skipjack_tuna)_sashimi_7.jpg,katsuo_(skipjack_tuna)
katsuo_(skipjack_tuna)_sashimi_katsuo_(skipjack_tuna)_sashimi_5.jpg,katsuo_(skipjack_tuna)
katsuo_(skipjack_tuna)_sashimi_katsuo_(skipjack_tuna)_sashimi_41.jpg,katsuo_(skipjack_tuna)
katsuo_(skipjack_tuna)_sashimi_katsuo_(skipjack_tuna)_sashimi_2.jpg,katsuo_(skipjack_tuna)
katsuo_(skipjack_tuna)_sashimi_katsuo_(skipjack_tuna)_sashimi_46.jpg,katsuo_(skipjack_tuna)
katsuo_(skipjack_tuna)_sashimi_katsuo_(skipjack_tuna)_sashimi_52.jpg,katsuo_(skipjack_tuna)
katsuo_(skipjack_tuna)_sashimi_katsuo_(skipjack_tuna)_sashimi_53.jpg,katsuo_(skipjack_tuna)
katsuo_(skipjack_tuna)_sashimi_katsuo_(skipjack_tuna)_sashimi_47.jpg,katsuo_(skipjack_tuna)
katsuo_(skipjack_tuna)_sashimi_katsuo_(skipjack_tuna)_sashimi_50.jpg,katsuo_(skipjack_tuna)
katsuo_(skipjack_tuna)_sashimi_katsuo_(skipjack_tuna)_sashimi_37.jpg,katsuo_(skipjack_tuna)
katsuo_(skipjack_tuna)_sashimi_katsuo_(skipjack_tuna)_sashimi_23.jpg,katsuo_(skipjack_tuna)
katsuo_(skipjack_tuna)_sashimi_katsuo_(skipjack_tuna)_sashimi_21.jpg,katsuo_(skipjack_tuna)
katsuo_(skipjack_tuna)_sashimi_katsuo_(skipjack_tuna)_sashimi_31.jpg,katsuo_(skipjack_tuna)
katsuo_(skipjack_tuna)_sashimi_katsuo_(skipjack_tuna)_sashimi_28.jpg,katsuo_(skipjack_tuna)
katsuo_(skipjack_tuna)_sashimi_katsuo_(skipjack_tuna)_sashimi_30.jpg,katsuo_(skipjack_tuna)
katsuo_(skipjack_tuna)_sashimi_katsuo_(skipjack_tuna)_sashimi_24.jpg,katsuo_(skipjack_tuna)
katsuo_(skipjack_tuna)_sashimi_katsuo_(skipjack_tuna)_sashimi_32.jpg,katsuo_(skipjack_tuna)
ika_(squid)_sashimi_ika_(squid)_sashimi_18.jpg,ika_(squid)
ika_(squid)_sashimi_ika_(squid)_sashimi_20.jpg,ika_(squid)
ika_(squid)_sashimi_ika_(squid)_sashimi_2.jpg,ika_(squid)
ika_(squid)_sashimi_ika_(squid)_sashimi_1.jpg,ika_(squid)
ika_(squid)_sashimi_ika_(squid)_sashimi_9.jpg,ika_(squid)
ika_(squid)_sashimi_ika_(squid)_sashimi_12.jpg,ika_(squid)
ika_(squid)_sashimi_ika_(squid)_sashimi_13.jpg,ika_(squid)
ika_(squid)_sashimi_ika_(squid)_sashimi_17.jpg,ika_(squid)
tako_(octopus)_sashimi_tako_(octopus)_sashimi_17.jpg,tako_(octopus)
tako_(octopus)_sashimi_tako_(octopus)_sashimi_9.jpg,tako_(octopus)
tako_(octopus)_sashimi_tako_(octopus)_sashimi_8.jpg,tako_(octopus)
tako_(octopus)_sashimi_tako_(octopus)_sashimi_11.jpg,tako_(octopus)
tako_(octopus)_sashimi_tako_(octopus)_sashimi_20.jpg,tako_(octopus)
tako_(octopus)_sashimi_tako_(octopus)_sashimi_13.jpg,tako_(octopus)
tako_(octopus)_sashimi_tako_(octopus)_sashimi_1.jpg,tako_(octopus)
tako_(octopus)_sashimi_tako_(octopus)_sashimi_18.jpg,tako_(octopus)
tako_(octopus)_sashimi_tako_(octopus)_sashimi_19.jpg,tako_(octopus)
mirugai_(geoduck_clam)_sashimi_mirugai_(geoduck_clam)_sashimi_12.jpg,mirugai_(geoduck_clam)
mirugai_(geoduck_clam)_sashimi_mirugai_(geoduck_clam)_sashimi_3.jpg,mirugai_(geoduck_clam)
mirugai_(geoduck_clam)_sashimi_mirugai_(geoduck_clam)_sashimi_4.jpg,mirugai_(geoduck_clam)
mirugai_(geoduck_clam)_sashimi_mirugai_(geoduck_clam)_sashimi_15.jpg,mirugai_(geoduck_clam)
mirugai_(geoduck_clam)_sashimi_mirugai_(geoduck_clam)_sashimi_5.jpg,mirugai_(geoduck_clam)
mirugai_(geoduck_clam)_sashimi_mirugai_(geoduck_clam)_sashimi_1.jpg,mirugai_(geoduck_clam)
mirugai_(geoduck_clam)_sashimi_mirugai_(geoduck_clam)_sashimi_8.jpg,mirugai_(geoduck_clam)
sake_(salmon)_sashimi_sake_(salmon)_sashimi_6.jpg,sake_(salmon)
sake_(salmon)_sashimi_sake_(salmon)_sashimi_43.jpg,sake_(salmon)
sake_(salmon)_sashimi_sake_(salmon)_sashimi_4.jpg,sake_(salmon)
sake_(salmon)_sashimi_sake_(salmon)_sashimi_5.jpg,sake_(salmon)
sake_(salmon)_sashimi_sake_(salmon)_sashimi_42.jpg,sake_(salmon)
sake_(salmon)_sashimi_sake_(salmon)_sashimi_1.jpg,sake_(salmon)
sake_(salmon)_sashimi_sake_(salmon)_sashimi_3.jpg,sake_(salmon)
sake_(salmon)_sashimi_sake_(salmon)_sashimi_47.jpg,sake_(salmon)
sake_(salmon)_sashimi_sake_(salmon)_sashimi_2.jpg,sake_(salmon)
sake_(salmon)_sashimi_sake_(salmon)_sashimi_3.jpg,sake_(salmon)
sake_(salmon)_sashimi_sake_(salmon)_sashimi_4.jpg,sake_(salmon)
sake_(salmon)_sashimi_sake_(salmon)_sashimi_36.jpg,sake_(salmon)
sake_(salmon)_sashimi_sake_(salmon)_sashimi_22.jpg,sake_(salmon)
sake_(salmon)_sashimi_sake_(salmon)_sashimi_19.jpg,sake_(salmon)
sake_(salmon)_sashimi_sake_(salmon)_sashimi_18.jpg,sake_(salmon)
sake_(salmon)_sashimi_sake_(salmon)_sashimi_24.jpg,sake_(salmon)
sake_(salmon)_sashimi_sake_(salmon)_sashimi_30.jpg,sake_(salmon)
sake_(salmon)_sashimi_sake_(salmon)_sashimi_32.jpg,sake_(salmon)
sake_(salmon)_sashimi_sake_(salmon)_sashimi_33.jpg,sake_(salmon)
sake_(salmon)_sashimi_sake_(salmon)_sashimi_27.jpg,sake_(salmon)
sake_(salmon)_sashimi_sake_(salmon)_sashimi_16.jpg,sake_(salmon)
sake_(salmon)_sashimi_sake_(salmon)_sashimi_17.jpg,sake_(salmon)
sake_(salmon)_sashimi_sake_(salmon)_sashimi_28.jpg,sake_(salmon)
sake_(salmon)_sashimi_sake_(salmon)_sashimi_10.jpg,sake_(salmon)
sake_(salmon)_sashimi_sake_(salmon)_sashimi_38.jpg,sake_(salmon)
sake_(salmon)_sashimi_sake_(salmon)_sashimi_39.jpg,sake_(salmon)
sake_(salmon)_sashimi_sake_(salmon)_sashimi_11.jpg,sake_(salmon)
sake_(salmon)_sashimi_sake_(salmon)_sashimi_12.jpg,sake_(salmon)
sake_(salmon)_sashimi_sake_(salmon)_sashimi_15.jpg,sake_(salmon)
sake_(salmon)_sashimi_sake_(salmon)_sashimi_8.jpg,sake_(salmon)
sake_(salmon)_sashimi_sake_(salmon)_sashimi_9.jpg,sake_(salmon)
engawa_(flounder_fin)_sashimi_engawa_(flounder_fin)_sashimi_5.jpg,engawa_(flounder_fin)
engawa_(flounder_fin)_sashimi_engawa_(flounder_fin)_sashimi_11.jpg,engawa_(flounder_fin)
engawa_(flounder_fin)_sashimi_engawa_(flounder_fin)_sashimi_10.jpg,engawa_(flounder_fin)
engawa_(flounder_fin)_sashimi_engawa_(flounder_fin)_sashimi_12.jpg,engawa_(flounder_fin)
engawa_(flounder_fin)_sashimi_engawa_(flounder_fin)_sashimi_12.jpg,engawa_(flounder_fin)
engawa_(flounder_fin)_sashimi_engawa_(flounder_fin)_sashimi_13.jpg,engawa_(flounder_fin)
engawa_(flounder_fin)_sashimi_engawa_(flounder_fin)_sashimi_19.jpg,engawa_(flounder_fin)
engawa_(flounder_fin)_sashimi_engawa_(flounder_fin)_sashimi_25.jpg,engawa_(flounder_fin)
engawa_(flounder_fin)_sashimi_engawa_(flounder_fin)_sashimi_26.jpg,engawa_(flounder_fin)
engawa_(flounder_fin)_sashimi_engawa_(flounder_fin)_sashimi_23.jpg,engawa_(flounder_fin)
engawa_(flounder_fin)_sashimi_engawa_(flounder_fin)_sashimi_20.jpg,engawa_(flounder_fin)
engawa_(flounder_fin)_sashimi_engawa_(flounder_fin)_sashimi_8.jpg,engawa_(flounder_fin)
tai_kurodai_(black_sea_bream_or_japanese_black_porgy)_sashimi_tai_kurodai_(black_sea_bream_or_japanese_black_porgy)_sashimi_24.jpg,tai_kurodai_(black_sea_bream_or_japanese_black_porgy)
tai_kurodai_(black_sea_bream_or_japanese_black_porgy)_sashimi_tai_kurodai_(black_sea_bream_or_japanese_black_porgy)_sashimi_8.jpg,tai_kurodai_(black_sea_bream_or_japanese_black_porgy)
tai_kurodai_(black_sea_bream_or_japanese_black_porgy)_sashimi_tai_kurodai_(black_sea_bream_or_japanese_black_porgy)_sashimi_31.jpg,tai_kurodai_(black_sea_bream_or_japanese_black_porgy)
tai_kurodai_(black_sea_bream_or_japanese_black_porgy)_sashimi_tai_kurodai_(black_sea_bream_or_japanese_black_porgy)_sashimi_36.jpg,tai_kurodai_(black_sea_bream_or_japanese_black_porgy)
tai_kurodai_(black_sea_bream_or_japanese_black_porgy)_sashimi_tai_kurodai_(black_sea_bream_or_japanese_black_porgy)_sashimi_22.jpg,tai_kurodai_(black_sea_bream_or_japanese_black_porgy)
tai_kurodai_(black_sea_bream_or_japanese_black_porgy)_sashimi_tai_kurodai_(black_sea_bream_or_japanese_black_porgy)_sashimi_35.jpg,tai_kurodai_(black_sea_bream_or_japanese_black_porgy)
tai_kurodai_(black_sea_bream_or_japanese_black_porgy)_sashimi_tai_kurodai_(black_sea_bream_or_japanese_black_porgy)_sashimi_3.jpg,tai_kurodai_(black_sea_bream_or_japanese_black_porgy)
tai_kurodai_(black_sea_bream_or_japanese_black_porgy)_sashimi_tai_kurodai_(black_sea_bream_or_japanese_black_porgy)_sashimi_13.jpg,tai_kurodai_(black_sea_bream_or_japanese_black_porgy)
tai_kurodai_(black_sea_bream_or_japanese_black_porgy)_sashimi_tai_kurodai_(black_sea_bream_or_japanese_black_porgy)_sashimi_7.jpg,tai_kurodai_(black_sea_bream_or_japanese_black_porgy)
tai_kurodai_(black_sea_bream_or_japanese_black_porgy)_sashimi_tai_kurodai_(black_sea_bream_or_japanese_black_porgy)_sashimi_29.jpg,tai_kurodai_(black_sea_bream_or_japanese_black_porgy)
aji_(horse_mackarel)_sashimi_aji_(horse_mackarel)_sashimi_30.jpg,aji_(horse_mackarel)
aji_(horse_mackarel)_sashimi_aji_(horse_mackarel)_sashimi_31.jpg,aji_(horse_mackarel)
aji_(horse_mackarel)_sashimi_aji_(horse_mackarel)_sashimi_32.jpg,aji_(horse_mackarel)
aji_(horse_mackarel)_sashimi_aji_(horse_mackarel)_sashimi_24.jpg,aji_(horse_mackarel)
aji_(horse_mackarel)_sashimi_aji_(horse_mackarel)_sashimi_34.jpg,aji_(horse_mackarel)
aji_(horse_mackarel)_sashimi_aji_(horse_mackarel)_sashimi_9.jpg,aji_(horse_mackarel)
aji_(horse_mackarel)_sashimi_aji_(horse_mackarel)_sashimi_4.jpg,aji_(horse_mackarel)
aji_(horse_mackarel)_sashimi_aji_(horse_mackarel)_sashimi_5.jpg,aji_(horse_mackarel)
aji_(horse_mackarel)_sashimi_aji_(horse_mackarel)_sashimi_7.jpg,aji_(horse_mackarel)
aji_(horse_mackarel)_sashimi_aji_(horse_mackarel)_sashimi_12.jpg,aji_(horse_mackarel)
aji_(horse_mackarel)_sashimi_aji_(horse_mackarel)_sashimi_13.jpg,aji_(horse_mackarel)
aji_(horse_mackarel)_sashimi_aji_(horse_mackarel)_sashimi_2.jpg,aji_(horse_mackarel)
aji_(horse_mackarel)_sashimi_aji_(horse_mackarel)_sashimi_10.jpg,aji_(horse_mackarel)
aji_(horse_mackarel)_sashimi_aji_(horse_mackarel)_sashimi_1.jpg,aji_(horse_mackarel)
shime_saba_(cured_mackerel)_sashimi_shime_saba_(cured_mackerel)_sashimi_8.jpg,shime_saba_(cured_mackerel)
shime_saba_(cured_mackerel)_sashimi_shime_saba_(cured_mackerel)_sashimi_3.jpg,shime_saba_(cured_mackerel)
shime_saba_(cured_mackerel)_sashimi_shime_saba_(cured_mackerel)_sashimi_2.jpg,shime_saba_(cured_mackerel)
shime_saba_(cured_mackerel)_sashimi_shime_saba_(cured_mackerel)_sashimi_1.jpg,shime_saba_(cured_mackerel)
shime_saba_(cured_mackerel)_sashimi_shime_saba_(cured_mackerel)_sashimi_6.jpg,shime_saba_(cured_mackerel)
shime_saba_(cured_mackerel)_sashimi_shime_saba_(cured_mackerel)_sashimi_37.jpg,shime_saba_(cured_mackerel)
shime_saba_(cured_mackerel)_sashimi_shime_saba_(cured_mackerel)_sashimi_36.jpg,shime_saba_(cured_mackerel)
shime_saba_(cured_mackerel)_sashimi_shime_saba_(cured_mackerel)_sashimi_20.jpg,shime_saba_(cured_mackerel)
shime_saba_(cured_mackerel)_sashimi_shime_saba_(cured_mackerel)_sashimi_21.jpg,shime_saba_(cured_mackerel)
shime_saba_(cured_mackerel)_sashimi_shime_saba_(cured_mackerel)_sashimi_31.jpg,shime_saba_(cured_mackerel)
shime_saba_(cured_mackerel)_sashimi_shime_saba_(cured_mackerel)_sashimi_18.jpg,shime_saba_(cured_mackerel)
shime_saba_(cured_mackerel)_sashimi_shime_saba_(cured_mackerel)_sashimi_24.jpg,shime_saba_(cured_mackerel)
shime_saba_(cured_mackerel)_sashimi_shime_saba_(cured_mackerel)_sashimi_26.jpg,shime_saba_(cured_mackerel)
shime_saba_(cured_mackerel)_sashimi_shime_saba_(cured_mackerel)_sashimi_32.jpg,shime_saba_(cured_mackerel)
maguro_(tuna)_otoro_sashimi_maguro_(tuna)_otoro_sashimi_9.jpg,maguro_(tuna)_otoro
maguro_(tuna)_otoro_sashimi_maguro_(tuna)_otoro_sashimi_22.jpg,maguro_(tuna)_otoro
maguro_(tuna)_otoro_sashimi_maguro_(tuna)_otoro_sashimi_23.jpg,maguro_(tuna)_otoro
maguro_(tuna)_otoro_sashimi_maguro_(tuna)_otoro_sashimi_23.jpg,maguro_(tuna)_otoro
maguro_(tuna)_otoro_sashimi_maguro_(tuna)_otoro_sashimi_27.jpg,maguro_(tuna)_otoro
maguro_(tuna)_otoro_sashimi_maguro_(tuna)_otoro_sashimi_27.jpg,maguro_(tuna)_otoro
maguro_(tuna)_otoro_sashimi_maguro_(tuna)_otoro_sashimi_5.jpg,maguro_(tuna)_otoro
maguro_(tuna)_otoro_sashimi_maguro_(tuna)_otoro_sashimi_26.jpg,maguro_(tuna)_otoro
maguro_(tuna)_otoro_sashimi_maguro_(tuna)_otoro_sashimi_18.jpg,maguro_(tuna)_otoro
maguro_(tuna)_otoro_sashimi_maguro_(tuna)_otoro_sashimi_19.jpg,maguro_(tuna)_otoro
maguro_(tuna)_otoro_sashimi_maguro_(tuna)_otoro_sashimi_19.jpg,maguro_(tuna)_otoro
maguro_(tuna)_otoro_sashimi_maguro_(tuna)_otoro_sashimi_50.jpg,maguro_(tuna)_otoro
maguro_(tuna)_otoro_sashimi_maguro_(tuna)_otoro_sashimi_44.jpg,maguro_(tuna)_otoro
maguro_(tuna)_otoro_sashimi_maguro_(tuna)_otoro_sashimi_45.jpg,maguro_(tuna)_otoro
maguro_(tuna)_otoro_sashimi_maguro_(tuna)_otoro_sashimi_48.jpg,maguro_(tuna)_otoro
maguro_(tuna)_otoro_sashimi_maguro_(tuna)_otoro_sashimi_49.jpg,maguro_(tuna)_otoro
maguro_(tuna)_otoro_sashimi_maguro_(tuna)_otoro_sashimi_28.jpg,maguro_(tuna)_otoro
maguro_(tuna)_otoro_sashimi_maguro_(tuna)_otoro_sashimi_14.jpg,maguro_(tuna)_otoro
maguro_(tuna)_otoro_sashimi_maguro_(tuna)_otoro_sashimi_1.jpg,maguro_(tuna)_otoro
maguro_(tuna)_otoro_sashimi_maguro_(tuna)_otoro_sashimi_2.jpg,maguro_(tuna)_otoro
maguro_(tuna)_otoro_sashimi_maguro_(tuna)_otoro_sashimi_12.jpg,maguro_(tuna)_otoro
maguro_(tuna)_otoro_sashimi_maguro_(tuna)_otoro_sashimi_7.jpg,maguro_(tuna)_otoro
maguro_(tuna)_otoro_sashimi_maguro_(tuna)_otoro_sashimi_13.jpg,maguro_(tuna)_otoro
maguro_(tuna)_otoro_sashimi_maguro_(tuna)_otoro_sashimi_4.jpg,maguro_(tuna)_otoro
maguro_(tuna)_otoro_sashimi_maguro_(tuna)_otoro_sashimi_4.jpg,maguro_(tuna)_otoro
tai_kinmedai_(splendid_alfonsino_or_golden_eye_snapper)_sashimi_tai_kinmedai_(splendid_alfonsino_or_golden_eye_snapper)_sashimi_3.jpg,tai_kinmedai_(splendid_alfonsino_or_golden_eye_snapper)
tai_kinmedai_(splendid_alfonsino_or_golden_eye_snapper)_sashimi_tai_kinmedai_(splendid_alfonsino_or_golden_eye_snapper)_sashimi_1.jpg,tai_kinmedai_(splendid_alfonsino_or_golden_eye_snapper)
tai_kinmedai_(splendid_alfonsino_or_golden_eye_snapper)_sashimi_tai_kinmedai_(splendid_alfonsino_or_golden_eye_snapper)_sashimi_37.jpg,tai_kinmedai_(splendid_alfonsino_or_golden_eye_snapper)
tai_kinmedai_(splendid_alfonsino_or_golden_eye_snapper)_sashimi_tai_kinmedai_(splendid_alfonsino_or_golden_eye_snapper)_sashimi_33.jpg,tai_kinmedai_(splendid_alfonsino_or_golden_eye_snapper)
tai_kinmedai_(splendid_alfonsino_or_golden_eye_snapper)_sashimi_tai_kinmedai_(splendid_alfonsino_or_golden_eye_snapper)_sashimi_19.jpg,tai_kinmedai_(splendid_alfonsino_or_golden_eye_snapper)
tai_kinmedai_(splendid_alfonsino_or_golden_eye_snapper)_sashimi_tai_kinmedai_(splendid_alfonsino_or_golden_eye_snapper)_sashimi_28.jpg,tai_kinmedai_(splendid_alfonsino_or_golden_eye_snapper)
tai_kinmedai_(splendid_alfonsino_or_golden_eye_snapper)_sashimi_tai_kinmedai_(splendid_alfonsino_or_golden_eye_snapper)_sashimi_14.jpg,tai_kinmedai_(splendid_alfonsino_or_golden_eye_snapper)
tai_kinmedai_(splendid_alfonsino_or_golden_eye_snapper)_sashimi_tai_kinmedai_(splendid_alfonsino_or_golden_eye_snapper)_sashimi_12.jpg,tai_kinmedai_(splendid_alfonsino_or_golden_eye_snapper)
tai_kinmedai_(splendid_alfonsino_or_golden_eye_snapper)_sashimi_tai_kinmedai_(splendid_alfonsino_or_golden_eye_snapper)_sashimi_39.jpg,tai_kinmedai_(splendid_alfonsino_or_golden_eye_snapper)
maguro_(tuna)_akami_sashimi_maguro_(tuna)_akami_sashimi_6.jpg,maguro_(tuna)_akami
maguro_(tuna)_akami_sashimi_maguro_(tuna)_akami_sashimi_4.jpg,maguro_(tuna)_akami
maguro_(tuna)_akami_sashimi_maguro_(tuna)_akami_sashimi_16.jpg,maguro_(tuna)_akami
maguro_(tuna)_akami_sashimi_maguro_(tuna)_akami_sashimi_17.jpg,maguro_(tuna)_akami
maguro_(tuna)_akami_sashimi_maguro_(tuna)_akami_sashimi_29.jpg,maguro_(tuna)_akami
maguro_(tuna)_akami_sashimi_maguro_(tuna)_akami_sashimi_29.jpg,maguro_(tuna)_akami
maguro_(tuna)_akami_sashimi_maguro_(tuna)_akami_sashimi_28.jpg,maguro_(tuna)_akami
maguro_(tuna)_akami_sashimi_maguro_(tuna)_akami_sashimi_14.jpg,maguro_(tuna)_akami
maguro_(tuna)_akami_sashimi_maguro_(tuna)_akami_sashimi_8.jpg,maguro_(tuna)_akami
maguro_(tuna)_akami_sashimi_maguro_(tuna)_akami_sashimi_9.jpg,maguro_(tuna)_akami
maguro_(tuna)_akami_sashimi_maguro_(tuna)_akami_sashimi_52.jpg,maguro_(tuna)_akami
maguro_(tuna)_akami_sashimi_maguro_(tuna)_akami_sashimi_53.jpg,maguro_(tuna)_akami
maguro_(tuna)_akami_sashimi_maguro_(tuna)_akami_sashimi_47.jpg,maguro_(tuna)_akami
maguro_(tuna)_akami_sashimi_maguro_(tuna)_akami_sashimi_40.jpg,maguro_(tuna)_akami
maguro_(tuna)_akami_sashimi_maguro_(tuna)_akami_sashimi_41.jpg,maguro_(tuna)_akami
maguro_(tuna)_akami_sashimi_maguro_(tuna)_akami_sashimi_42.jpg,maguro_(tuna)_akami
tai_madai_(red_sea_bream)_sashimi_tai_madai_(red_sea_bream)_sashimi_15.jpg,tai_madai_(red_sea_bream)
tai_madai_(red_sea_bream)_sashimi_tai_madai_(red_sea_bream)_sashimi_14.jpg,tai_madai_(red_sea_bream)
tai_madai_(red_sea_bream)_sashimi_tai_madai_(red_sea_bream)_sashimi_12.jpg,tai_madai_(red_sea_bream)
tai_madai_(red_sea_bream)_sashimi_tai_madai_(red_sea_bream)_sashimi_2.jpg,tai_madai_(red_sea_bream)
tai_madai_(red_sea_bream)_sashimi_tai_madai_(red_sea_bream)_sashimi_4.jpg,tai_madai_(red_sea_bream)
tai_madai_(red_sea_bream)_sashimi_tai_madai_(red_sea_bream)_sashimi_7.jpg,tai_madai_(red_sea_bream)
tai_madai_(red_sea_bream)_sashimi_tai_madai_(red_sea_bream)_sashimi_6.jpg,tai_madai_(red_sea_bream)
tai_madai_(red_sea_bream)_sashimi_tai_madai_(red_sea_bream)_sashimi_19.jpg,tai_madai_(red_sea_bream)
tai_madai_(red_sea_bream)_sashimi_tai_madai_(red_sea_bream)_sashimi_18.jpg,tai_madai_(red_sea_bream)
tai_madai_(red_sea_bream)_sashimi_tai_madai_(red_sea_bream)_sashimi_5.jpg,tai_madai_(red_sea_bream)
ebi_(shrimp)_sashimi_ebi_(shrimp)_sashimi_25.jpg,ebi_(shrimp)
ebi_(shrimp)_sashimi_ebi_(shrimp)_sashimi_24.jpg,ebi_(shrimp)
ebi_(shrimp)_sashimi_ebi_(shrimp)_sashimi_18.jpg,ebi_(shrimp)
ebi_(shrimp)_sashimi_ebi_(shrimp)_sashimi_26.jpg,ebi_(shrimp)
ebi_(shrimp)_sashimi_ebi_(shrimp)_sashimi_32.jpg,ebi_(shrimp)
ebi_(shrimp)_sashimi_ebi_(shrimp)_sashimi_27.jpg,ebi_(shrimp)
ebi_(shrimp)_sashimi_ebi_(shrimp)_sashimi_23.jpg,ebi_(shrimp)
ebi_(shrimp)_sashimi_ebi_(shrimp)_sashimi_37.jpg,ebi_(shrimp)
ebi_(shrimp)_sashimi_ebi_(shrimp)_sashimi_36.jpg,ebi_(shrimp)
ebi_(shrimp)_sashimi_ebi_(shrimp)_sashimi_22.jpg,ebi_(shrimp)
ebi_(shrimp)_sashimi_ebi_(shrimp)_sashimi_34.jpg,ebi_(shrimp)
ebi_(shrimp)_sashimi_ebi_(shrimp)_sashimi_38.jpg,ebi_(shrimp)
ebi_(shrimp)_sashimi_ebi_(shrimp)_sashimi_16.jpg,ebi_(shrimp)
ebi_(shrimp)_sashimi_ebi_(shrimp)_sashimi_13.jpg,ebi_(shrimp)
ebi_(shrimp)_sashimi_ebi_(shrimp)_sashimi_12.jpg,ebi_(shrimp)
ebi_(shrimp)_sashimi_ebi_(shrimp)_sashimi_6.jpg,ebi_(shrimp)
ebi_(shrimp)_sashimi_ebi_(shrimp)_sashimi_17.jpg,ebi_(shrimp)
ebi_(shrimp)_sashimi_ebi_(shrimp)_sashimi_21.jpg,ebi_(shrimp)
ebi_(shrimp)_sashimi_ebi_(shrimp)_sashimi_14.jpg,ebi_(shrimp)
ebi_(shrimp)_sashimi_ebi_(shrimp)_sashimi_2.jpg,ebi_(shrimp)
ebi_(shrimp)_sashimi_ebi_(shrimp)_sashimi_10.jpg,ebi_(shrimp)
ebi_(shrimp)_sashimi_ebi_(shrimp)_sashimi_31.jpg,ebi_(shrimp)
